{
    "normals":[0,-1,-0,0,-0.987701,0.156163,-0.356182,-0.922788,0.146916,-0.340129,-0.940367,-0,-0.683737,-0.716117,0.140172,-0.691092,-0.722739,-0,0,-0.912595,0.408795,-0.423475,-0.837367,0.345592,-0.66628,-0.700003,0.256966,-0.356182,-0.922788,-0.146916,0,-0.987701,-0.156163,-0.423475,-0.837367,-0.345592,0,-0.912595,-0.408795,-0.683737,-0.716117,-0.140172,-0.66628,-0.700003,-0.256966,0.356182,-0.922788,-0.146916,0.340129,-0.940367,-0,0.683737,-0.716117,-0.140172,0.691092,-0.722739,-0,0.423475,-0.837367,-0.345592,0.66628,-0.700003,-0.256966,0.356182,-0.922788,0.146916,0.423475,-0.837367,0.345592,0.683737,-0.716117,0.140172,0.66628,-0.700003,0.256966,0,1,-0,-0.340129,0.940367,-0,-0.356182,0.922788,0.146916,0,0.987701,0.156163,-0.423475,0.837367,0.345592,0,0.912595,0.408795,-0.691092,0.722739,-0,-0.683737,0.716117,0.140172,-0.66628,0.700003,0.256966,0.356182,0.922788,0.146916,0.340129,0.940367,-0,0.683737,0.716117,0.140172,0.691092,0.722739,-0,0.423475,0.837367,0.345592,0.66628,0.700003,0.256966,0.356182,0.922788,-0.146916,0,0.987701,-0.156163,0.423475,0.837367,-0.345592,0,0.912595,-0.408795,0.683737,0.716117,-0.140172,0.66628,0.700003,-0.256966,-0.356182,0.922788,-0.146916,-0.683737,0.716117,-0.140172,-0.423475,0.837367,-0.345592,-0.66628,0.700003,-0.256966,0,0,-1,0.616779,0,-0.787103,0.544664,-0.567888,-0.617084,0,-0.633045,-0.774071,0.904752,0,-0.425916,0.818384,-0.452956,-0.353587,-0.544664,-0.567888,-0.617084,-0.616779,0,-0.787103,-0.818384,-0.452956,-0.353587,-0.904752,0,-0.425916,-0.544664,0.567888,-0.617084,0,0.633045,-0.774071,-0.818384,0.452956,-0.353587,0.544664,0.567888,-0.617084,0.818384,0.452956,-0.353587,0,0,1,-0.616779,0,0.787103,-0.544664,-0.567888,0.617084,0,-0.633045,0.774071,-0.904752,0,0.425916,-0.818384,-0.452956,0.353587,0.544664,-0.567888,0.617084,0.616779,0,0.787103,0.818384,-0.452956,0.353587,0.904752,0,0.425916,0.544664,0.567888,0.617084,0,0.633045,0.774071,0.818384,0.452956,0.353587,-0.544664,0.567888,0.617084,-0.818384,0.452956,0.353587,1,0,-0,0.986389,0,0.164281,0.910031,-0.385723,0.151769,0.929289,-0.369304,-0,0.910031,-0.385723,-0.151769,0.986389,0,-0.164281,0.910031,0.385723,-0.151769,0.929289,0.369304,-0,0.910031,0.385723,0.151769,-1,0,-0,-0.986389,0,-0.164281,-0.910031,-0.385723,-0.151769,-0.929289,-0.369304,-0,-0.910031,-0.385723,0.151769,-0.986389,0,0.164281,-0.910031,0.385723,0.151769,-0.929289,0.369304,-0,-0.910031,0.385723,-0.151769],
    "uvs":[],
    "faces":[33,0,4,5,1,0,1,2,3,33,1,5,56,55,3,2,4,5,33,4,58,57,5,1,6,7,2,33,5,57,90,56,2,7,8,4,33,0,1,6,2,0,3,9,10,33,2,6,65,64,10,9,11,12,33,1,55,54,6,3,5,13,9,33,6,54,92,65,9,13,14,11,33,0,2,7,3,0,10,15,16,33,3,7,62,61,16,15,17,18,33,2,64,63,7,10,12,19,15,33,7,63,93,62,15,19,20,17,33,0,3,8,4,0,16,21,1,33,4,8,59,58,1,21,22,6,33,3,61,60,8,16,18,23,21,33,8,60,91,59,21,23,24,22,33,9,13,14,10,25,26,27,28,33,10,14,69,70,28,27,29,30,33,13,67,68,14,26,31,32,27,33,14,68,95,69,27,32,33,29,33,9,10,15,11,25,28,34,35,33,11,15,72,73,35,34,36,37,33,10,70,71,15,28,30,38,34,33,15,71,96,72,34,38,39,36,33,9,11,16,12,25,35,40,41,33,12,16,75,76,41,40,42,43,33,11,73,74,16,35,37,44,40,33,16,74,97,75,40,44,45,42,33,9,12,17,13,25,41,46,26,33,13,17,66,67,26,46,47,31,33,12,76,77,17,41,43,48,46,33,17,77,94,66,46,48,49,47,33,18,22,23,19,50,51,52,53,33,19,23,63,64,53,52,19,12,33,22,82,83,23,51,54,55,52,33,23,83,93,63,52,55,20,19,33,18,19,24,20,50,53,56,57,33,20,24,78,79,57,56,58,59,33,19,64,65,24,53,12,11,56,33,24,65,92,78,56,11,14,58,33,18,20,25,21,50,57,60,61,33,21,25,77,76,61,60,48,43,33,20,79,80,25,57,59,62,60,33,25,80,94,77,60,62,49,48,33,18,21,26,22,50,61,63,51,33,22,26,81,82,51,63,64,54,33,21,76,75,26,61,43,42,63,33,26,75,97,81,63,42,45,64,33,27,31,32,28,65,66,67,68,33,28,32,57,58,68,67,7,6,33,31,88,89,32,66,69,70,67,33,32,89,90,57,67,70,8,7,33,27,28,33,29,65,68,71,72,33,29,33,84,85,72,71,73,74,33,28,58,59,33,68,6,22,71,33,33,59,91,84,71,22,24,73,33,27,29,34,30,65,72,75,76,33,30,34,71,70,76,75,38,30,33,29,85,86,34,72,74,77,75,33,34,86,96,71,75,77,39,38,33,27,30,35,31,65,76,78,66,33,31,35,87,88,66,78,79,69,33,30,70,69,35,76,30,29,78,33,35,69,95,87,78,29,33,79,33,36,40,41,37,80,81,82,83,33,37,41,60,61,83,82,23,18,33,40,85,84,41,81,74,73,82,33,41,84,91,60,82,73,24,23,33,36,37,42,38,80,83,84,85,33,38,42,83,82,85,84,55,54,33,37,61,62,42,83,18,17,84,33,42,62,93,83,84,17,20,55,33,36,38,43,39,80,85,86,87,33,39,43,74,73,87,86,44,37,33,38,82,81,43,85,54,64,86,33,43,81,97,74,86,64,45,44,33,36,39,44,40,80,87,88,81,33,40,44,86,85,81,88,77,74,33,39,73,72,44,87,37,36,88,33,44,72,96,86,88,36,39,77,33,45,49,50,46,89,90,91,92,33,46,50,54,55,92,91,13,5,33,49,79,78,50,90,59,58,91,33,50,78,92,54,91,58,14,13,33,45,46,51,47,89,92,93,94,33,47,51,89,88,94,93,70,69,33,46,55,56,51,92,5,4,93,33,51,56,90,89,93,4,8,70,33,45,47,52,48,89,94,95,96,33,48,52,68,67,96,95,32,31,33,47,88,87,52,94,69,79,95,33,52,87,95,68,95,79,33,32,33,45,48,53,49,89,96,97,90,33,49,53,80,79,90,97,62,59,33,48,67,66,53,96,31,47,97,33,53,66,94,80,97,47,49,62],
    "name":"Plane.005Geometry",
    "vertices":[0,0,-0.242587,-0.101963,0,-0.226286,0,0.252812,-0.226286,0.101963,0,-0.226286,0,-0.252812,-0.226286,-0.094896,-0.23529,-0.210945,-0.094896,0.23529,-0.210945,0.094896,0.23529,-0.210945,0.094896,-0.23529,-0.210945,0,0,0.242587,0,-0.252812,0.226286,0.101963,0,0.226286,0,0.252812,0.226286,-0.101963,0,0.226286,-0.094896,-0.23529,0.210945,0.094896,-0.23529,0.210945,0.094896,0.23529,0.210945,-0.094896,0.23529,0.210945,0,0.63328,0,0,0.590728,-0.096843,-0.101963,0.590728,0,0,0.590728,0.096843,0.101963,0.590728,0,0.094896,0.550679,-0.090131,-0.094896,0.550679,-0.090131,-0.094896,0.550679,0.090131,0.094896,0.550679,0.090131,0,-0.63328,0,0,-0.590728,-0.096843,0.101963,-0.590728,0,0,-0.590728,0.096843,-0.101963,-0.590728,0,-0.094896,-0.550679,-0.090131,0.094896,-0.550679,-0.090131,0.094896,-0.550679,0.090131,-0.094896,-0.550679,0.090131,0.255412,0,0,0.23825,0,-0.096843,0.23825,0.252812,0,0.23825,0,0.096843,0.23825,-0.252812,0,0.222097,-0.23529,-0.090131,0.222097,0.23529,-0.090131,0.222097,0.23529,0.090131,0.222097,-0.23529,0.090131,-0.255411,0,0,-0.238249,0,-0.096843,-0.238249,-0.252812,0,-0.238249,0,0.096843,-0.238249,0.252812,0,-0.222097,0.23529,-0.090131,-0.222097,-0.23529,-0.090131,-0.222097,-0.23529,0.090131,-0.222097,0.23529,0.090131,-0.174144,0.217768,-0.1654,-0.187016,0,-0.177625,-0.174144,-0.217768,-0.1654,-0.087829,-0.431782,-0.1654,0,-0.463696,-0.177625,0.087829,-0.431782,-0.1654,0.174144,-0.217768,-0.1654,0.187016,0,-0.177625,0.174144,0.217768,-0.1654,0.087829,0.431782,-0.1654,0,0.463696,-0.177625,-0.087829,0.431782,-0.1654,-0.174144,0.217768,0.1654,-0.187016,0,0.177625,-0.174144,-0.217768,0.1654,-0.087829,-0.431782,0.1654,0,-0.463696,0.177625,0.087829,-0.431782,0.1654,0.174144,-0.217768,0.1654,0.187016,0,0.177625,0.174144,0.217768,0.1654,0.087829,0.431782,0.1654,0,0.463696,0.177625,-0.087829,0.431782,0.1654,-0.174144,0.431782,-0.083419,-0.187016,0.463696,0,-0.174144,0.431782,0.083419,0.174144,0.431782,0.083419,0.187016,0.463696,0,0.174144,0.431782,-0.083419,0.174144,-0.431782,-0.083419,0.187016,-0.463696,0,0.174144,-0.431782,0.083419,-0.174144,-0.431782,0.083419,-0.187016,-0.463696,0,-0.174144,-0.431782,-0.083419,-0.148065,-0.367119,-0.14063,0.148065,-0.367119,-0.14063,-0.148065,0.367119,-0.14063,0.148065,0.367119,-0.14063,-0.148065,0.367119,0.14063,-0.148065,-0.367119,0.14063,0.148065,-0.367119,0.14063,0.148065,0.367119,0.14063],
    "metadata":{
        "type":"Geometry",
        "normals":98,
        "uvs":0,
        "generator":"io_three",
        "faces":96,
        "version":3,
        "vertices":98
    }
}